<?xml version="1.0" encoding="UTF-8"?><?xml-stylesheet type='text/xsl' href='_UpgradeReport_Files/UpgradeReport.xslt'?><UpgradeLog>
<Properties><Property Name="Solution" Value="DAClient">
</Property><Property Name="Projektmappendatei" Value="D:\_OnlineSupp\21043779_Csharp_OPCClient_RCW_CODE\OpcClientDA_V2\src\DAClient.sln">
</Property><Property Name="Date" Value="Donnerstag, 12. Juni 2014">
</Property><Property Name="Time" Value="08:52">
</Property></Properties><Event ErrorLevel="0" Project="COMDAClientAPI" Source="DAClientAPI\COMDAClientAPI.csproj" Description="Projekt erfolgreich konvertiert">
</Event><Event ErrorLevel="3" Project="COMDAClientAPI" Source="DAClientAPI\COMDAClientAPI.csproj" Description="Converted">
</Event><Event ErrorLevel="0" Project="SimpleClientCOMDA" Source="SimpleClientDA\SimpleClientCOMDA.csproj" Description="Projekt erfolgreich konvertiert">
</Event><Event ErrorLevel="3" Project="SimpleClientCOMDA" Source="SimpleClientDA\SimpleClientCOMDA.csproj" Description="Converted">
</Event><Event ErrorLevel="0" Project="" Source="DAClient.sln" Description="Die Projektmappe wurde erfolgreich konvertiert.">
</Event><Event ErrorLevel="3" Project="" Source="DAClient.sln" Description="Converted">
</Event><Event ErrorLevel="0" Project="COMDAClientAPI" Source="DAClientAPI\COMDAClientAPI.csproj" Description="Überprüfung abgeschlossen: Upgrade der Projektdateien nicht erforderlich.">
</Event><Event ErrorLevel="0" Project="SimpleClientCOMDA" Source="SimpleClientDA\SimpleClientCOMDA.csproj" Description="Überprüfung abgeschlossen: Upgrade der Projektdateien nicht erforderlich.">
</Event></UpgradeLog>