<?xml version="1.0" encoding="utf-8"?>
<?xml-stylesheet type='text/xsl' href='ConversionLogFile.xsl'?>
<LogFile projectName="OPCSample_V13_1" typeText="Type" messageText="Message" timeText="Time">
  <MessageCell ServiceId="80" MessageId="30" MessageClass="Information" Timestamp="6/12/2014 8:48:25 AM">
    <Number ServiceNumber="80" MessageNumber="30" />
    <Text FeedbackText="Upgrade started" />
    <Help HelpId="-1" />
  </MessageCell>
  <MessageCell ServiceId="80" MessageId="30" MessageClass="Information" Timestamp="6/12/2014 8:48:25 AM">
    <Number ServiceNumber="80" MessageNumber="30" />
    <Text FeedbackText="Reading information from previous project/library." />
    <Help HelpId="-1" />
  </MessageCell>
  <MessageCell ServiceId="80" MessageId="30" MessageClass="Information" Timestamp="6/12/2014 8:48:30 AM">
    <Number ServiceNumber="80" MessageNumber="30" />
    <Text FeedbackText="Updating new project/library." />
    <Help HelpId="-1" />
  </MessageCell>
  <MessageCell ServiceId="80" MessageId="30" MessageClass="Information" Timestamp="6/12/2014 8:48:35 AM">
    <Number ServiceNumber="80" MessageNumber="30" />
    <Text FeedbackText="Updating new project/library." />
    <Help HelpId="-1" />
  </MessageCell>
  <Details ServiceId="80" MessageId="30" Timestamp="6/12/2014 8:48:36 AM" Debug="false">
    <Text>Preparing conversion of the S7 program for CPU "S7-1200"</Text>
  </Details>
  <Details ServiceId="80" MessageId="30" Timestamp="6/12/2014 8:48:41 AM" Debug="false">
    <Text>Conversion completed.</Text>
  </Details>
  <Details ServiceId="80" MessageId="30" Timestamp="6/12/2014 8:48:41 AM" Debug="false">
    <Text>Preparing conversion of the S7 program for CPU "S7-300"</Text>
  </Details>
  <Details ServiceId="80" MessageId="30" Timestamp="6/12/2014 8:48:44 AM" Debug="false">
    <Text>Conversion completed.</Text>
  </Details>
  <Details ServiceId="80" MessageId="30" Timestamp="6/12/2014 8:48:48 AM" Debug="false">
    <Text>Converting S7 program for CPU "S7-1200".</Text>
  </Details>
  <Details ServiceId="80" MessageId="30" Timestamp="6/12/2014 8:48:52 AM" Debug="false">
    <Text>Conversion completed.</Text>
  </Details>
  <Details ServiceId="80" MessageId="30" Timestamp="6/12/2014 8:48:52 AM" Debug="false">
    <Text>Converting S7 program for CPU "S7-300".</Text>
  </Details>
  <Details ServiceId="80" MessageId="30" Timestamp="6/12/2014 8:48:52 AM" Debug="false">
    <Text>Conversion completed.</Text>
  </Details>
  <Details ServiceId="80" MessageId="30" Timestamp="6/12/2014 8:48:52 AM" Debug="false">
    <Text>Preparing conversion of the S7 program for CPU "S7-1200"</Text>
  </Details>
  <Details ServiceId="80" MessageId="30" Timestamp="6/12/2014 8:48:52 AM" Debug="false">
    <Text>Conversion completed.</Text>
  </Details>
  <Details ServiceId="80" MessageId="30" Timestamp="6/12/2014 8:48:52 AM" Debug="false">
    <Text>Preparing conversion of the S7 program for CPU "S7-300"</Text>
  </Details>
  <Details ServiceId="80" MessageId="30" Timestamp="6/12/2014 8:48:52 AM" Debug="false">
    <Text>Conversion completed.</Text>
  </Details>
  <Details ServiceId="80" MessageId="30" Timestamp="6/12/2014 8:48:52 AM" Debug="false">
    <Text>Converting S7 program for CPU "S7-1200".</Text>
  </Details>
  <Details ServiceId="80" MessageId="30" Timestamp="6/12/2014 8:48:53 AM" Debug="false">
    <Text>Conversion completed.</Text>
  </Details>
  <Details ServiceId="80" MessageId="30" Timestamp="6/12/2014 8:48:53 AM" Debug="false">
    <Text>Converting S7 program for CPU "S7-300".</Text>
  </Details>
  <Details ServiceId="80" MessageId="30" Timestamp="6/12/2014 8:48:53 AM" Debug="false">
    <Text>Conversion completed.</Text>
  </Details>
  <MessageCell ServiceId="80" MessageId="30" MessageClass="Warning" Timestamp="6/12/2014 8:48:53 AM">
    <Number ServiceNumber="80" MessageNumber="30" />
    <Text FeedbackText="To finish upgrade of the project, select the menu command &quot;Edit &gt; Compile&quot; for each device in the project." />
    <Help HelpId="-1" />
  </MessageCell>
  <MessageCell ServiceId="80" MessageId="30" MessageClass="Information" Timestamp="6/12/2014 8:49:03 AM">
    <Number ServiceNumber="80" MessageNumber="30" />
    <Text FeedbackText="Updating new project/library." />
    <Help HelpId="-1" />
  </MessageCell>
  <MessageCell ServiceId="80" MessageId="30" MessageClass="Information" Timestamp="6/12/2014 8:49:04 AM">
    <Number ServiceNumber="80" MessageNumber="30" />
    <Text FeedbackText="Saving the upgraded project/library." />
    <Help HelpId="-1" />
  </MessageCell>
  <MessageCell ServiceId="Automation-ObjectFrame-Feedbacks" MessageId="ConversionInfoTabProjectSucceeded" MessageClass="Success" Timestamp="6/12/2014 8:49:04 AM">
    <Number ServiceNumber="80" MessageNumber="34" />
    <Text FeedbackText="Project 'OPCSample' was successfully upgraded and saved as project 'OPCSample_V13_1'." />
    <Help HelpId="-1" HelpFile="" />
  </MessageCell>
</LogFile>